,antecedents,consequents,antecedent support,consequent support,support,confidence,lift,leverage,conviction,zhangs_metric
0,frozenset({'beef'}),frozenset({'other vegetables'}),0.05246568378240976,0.1934926283680732,0.019725470259278087,0.37596899224806196,1.943066231613079,0.009573747205091429,1.2924155396337709,0.5122236689702779
1,frozenset({'other vegetables'}),frozenset({'beef'}),0.1934926283680732,0.05246568378240976,0.019725470259278087,0.10194429847609038,1.9430662316130791,0.009573747205091429,1.0550952625875214,0.601791776491934
2,frozenset({'beef'}),frozenset({'root vegetables'}),0.05246568378240976,0.10899847483477376,0.017386883579054397,0.3313953488372093,3.0403668431100312,0.011668204065608208,1.3326283680732078,0.7082512053284838
3,frozenset({'root vegetables'}),frozenset({'beef'}),0.10899847483477376,0.05246568378240976,0.017386883579054397,0.15951492537313433,3.0403668431100312,0.011668204065608208,1.127366023291073,0.7531887461435741
4,frozenset({'whole milk'}),frozenset({'beef'}),0.25551601423487547,0.05246568378240976,0.02125063548551093,0.08316752884998009,1.5851795469758803,0.007844813081322243,1.0334868648675366,0.49585570914945976
5,frozenset({'beef'}),frozenset({'whole milk'}),0.05246568378240976,0.25551601423487547,0.02125063548551093,0.4050387596899225,1.5851795469758803,0.007844813081322243,1.2513151031101117,0.389597113680904
6,frozenset({'bottled beer'}),frozenset({'bottled water'}),0.08052872394509406,0.11052364006100661,0.0157600406710727,0.19570707070707072,1.7707258881361918,0.006859712971192962,1.1059109530167706,0.4733805866594372
7,frozenset({'bottled water'}),frozenset({'bottled beer'}),0.11052364006100661,0.08052872394509406,0.0157600406710727,0.14259429622815087,1.7707258881361916,0.006859712971192962,1.0723876363430074,0.4893439237724383
8,frozenset({'bottled beer'}),frozenset({'other vegetables'}),0.08052872394509406,0.1934926283680732,0.016166751398068124,0.20075757575757575,1.0375463781270402,0.0005850369428048816,1.0090897919944486,0.03935703421180559
9,frozenset({'other vegetables'}),frozenset({'bottled beer'}),0.1934926283680732,0.08052872394509406,0.016166751398068124,0.08355228586442459,1.0375463781270402,0.0005850369428048816,1.0032992192273429,0.044869599139858544
10,frozenset({'bottled beer'}),frozenset({'soda'}),0.08052872394509406,0.17437722419928825,0.016980172852058974,0.21085858585858586,1.2092094413522985,0.002937797502202716,1.0462291814946618,0.18816618670212384
11,frozenset({'soda'}),frozenset({'bottled beer'}),0.17437722419928825,0.08052872394509406,0.016980172852058974,0.09737609329446065,1.2092094413522985,0.002937797502202716,1.018664882709408,0.20955502787528396
12,frozenset({'bottled beer'}),frozenset({'whole milk'}),0.08052872394509406,0.25551601423487547,0.02043721403152008,0.2537878787878788,0.9932366843926732,-0.0001391645423509287,0.9976841230558015,-0.007351302820593646
13,frozenset({'whole milk'}),frozenset({'bottled beer'}),0.25551601423487547,0.08052872394509406,0.02043721403152008,0.07998408276959808,0.9932366843926731,-0.0001391645423509287,0.9994080089645236,-0.009063529544844176
14,frozenset({'bottled water'}),frozenset({'other vegetables'}),0.11052364006100661,0.1934926283680732,0.024809354346720894,0.22447102115915363,1.1601011524436553,0.0034238447345098545,1.0399448552359483,0.15515443342553237
15,frozenset({'other vegetables'}),frozenset({'bottled water'}),0.1934926283680732,0.11052364006100661,0.024809354346720894,0.1282186022070415,1.1601011524436553,0.0034238447345098545,1.020297476168719,0.17111585774162347
16,frozenset({'rolls/buns'}),frozenset({'bottled water'}),0.18393492628368074,0.11052364006100661,0.024199288256227757,0.13156440022111662,1.1903733911450616,0.003870130669002443,1.024228348268389,0.19597390413927834
17,frozenset({'bottled water'}),frozenset({'rolls/buns'}),0.11052364006100661,0.18393492628368074,0.024199288256227757,0.21895124195032198,1.1903733911450616,0.003870130669002443,1.0448324324259588,0.17979956042773754
18,frozenset({'bottled water'}),frozenset({'root vegetables'}),0.11052364006100661,0.10899847483477376,0.015658362989323844,0.14167433302667892,1.29978271018413,0.003611454789486622,1.038069301023152,0.259299342632676
19,frozenset({'root vegetables'}),frozenset({'bottled water'}),0.10899847483477376,0.11052364006100661,0.015658362989323844,0.14365671641791045,1.29978271018413,0.003611454789486622,1.0386913484254912,0.25885548891368826
20,frozenset({'bottled water'}),frozenset({'soda'}),0.11052364006100661,0.17437722419928825,0.028978139298423997,0.2621895124195032,1.5035765916302124,0.009705333736184412,1.1190174031114386,0.3765351879928446
21,frozenset({'soda'}),frozenset({'bottled water'}),0.17437722419928825,0.11052364006100661,0.028978139298423997,0.1661807580174927,1.5035765916302124,0.009705333736184412,1.0667496204862754,0.40565638233514834
22,frozenset({'bottled water'}),frozenset({'tropical fruit'}),0.11052364006100661,0.10493136756481952,0.018505338078291814,0.16743330266789327,1.595645864087917,0.006907941378448518,1.0750713850354046,0.41967897214810795
23,frozenset({'tropical fruit'}),frozenset({'bottled water'}),0.10493136756481952,0.11052364006100661,0.018505338078291814,0.1763565891472868,1.595645864087917,0.006907941378448518,1.0799289452435779,0.4170568724697999
24,frozenset({'whole milk'}),frozenset({'bottled water'}),0.25551601423487547,0.11052364006100661,0.03436705643111337,0.13450059689614005,1.2169396232507244,0.0061264964439949506,1.027703031046754,0.23944980596694065
25,frozenset({'bottled water'}),frozenset({'whole milk'}),0.11052364006100661,0.25551601423487547,0.03436705643111337,0.31094756209751606,1.2169396232507244,0.0061264964439949506,1.0804460514375038,0.20041740732623908
26,frozenset({'bottled water'}),frozenset({'yogurt'}),0.11052364006100661,0.13950177935943062,0.022979156075241484,0.20791168353265868,1.4903873232825786,0.0075609116254498135,1.0863665108435527,0.3699181810456802
27,frozenset({'yogurt'}),frozenset({'bottled water'}),0.13950177935943062,0.11052364006100661,0.022979156075241484,0.16472303206997083,1.4903873232825788,0.0075609116254498135,1.0648879283039259,0.3823755462350951
28,frozenset({'brown bread'}),frozenset({'other vegetables'}),0.06487036095577021,0.1934926283680732,0.018708693441789527,0.28840125391849525,1.490502539300263,0.0061567567972719145,1.1333737953770247,0.35191414024421946
29,frozenset({'other vegetables'}),frozenset({'brown bread'}),0.1934926283680732,0.06487036095577021,0.018708693441789527,0.09668943772990016,1.4905025393002633,0.0061567567972719145,1.0352249581740367,0.408037613190379
30,frozenset({'whole milk'}),frozenset({'brown bread'}),0.25551601423487547,0.06487036095577021,0.02521606507371632,0.09868682849184242,1.5212930379581036,0.00864064900032023,1.0375191094561365,0.46027107876395484
31,frozenset({'brown bread'}),frozenset({'whole milk'}),0.06487036095577021,0.25551601423487547,0.02521606507371632,0.3887147335423197,1.5212930379581036,0.00864064900032023,1.2178994433798704,0.36643523308792836
32,frozenset({'butter'}),frozenset({'other vegetables'}),0.05541433655312659,0.1934926283680732,0.020030503304524657,0.3614678899082569,1.868122279163272,0.0093082376755872,1.2630647055729887,0.49196505166299664
33,frozenset({'other vegetables'}),frozenset({'butter'}),0.1934926283680732,0.05541433655312659,0.020030503304524657,0.10352075669994745,1.868122279163272,0.0093082376755872,1.0536614991438453,0.5761920486572415
34,frozenset({'whole milk'}),frozenset({'butter'}),0.25551601423487547,0.05541433655312659,0.02755465175394001,0.1078392359729407,1.9460530014566455,0.013395401346415137,1.0587617182167677,0.652988365447708
35,frozenset({'butter'}),frozenset({'whole milk'}),0.05541433655312659,0.25551601423487547,0.02755465175394001,0.4972477064220184,1.9460530014566455,0.013395401346415137,1.4808166870145727,0.5146588602592161
36,frozenset({'other vegetables'}),frozenset({'chicken'}),0.1934926283680732,0.04290798169801729,0.017895271987798677,0.09248554913294797,2.1554392789633727,0.009592893831080132,1.0546300583837134,0.6646652798789713
37,frozenset({'chicken'}),frozenset({'other vegetables'}),0.04290798169801729,0.1934926283680732,0.017895271987798677,0.4170616113744075,2.1554392789633723,0.009592893831080132,1.383520775726313,0.5600897694677572
38,frozenset({'whole milk'}),frozenset({'chicken'}),0.25551601423487547,0.04290798169801729,0.01759023894255211,0.06884202148826105,1.6044106192821028,0.00662656248021175,1.027851385467044,0.5060124448767117
39,frozenset({'chicken'}),frozenset({'whole milk'}),0.04290798169801729,0.25551601423487547,0.01759023894255211,0.4099526066350711,1.6044106192821026,0.00662656248021175,1.2617359116180025,0.3936070457226477
40,frozenset({'whole milk'}),frozenset({'chocolate'}),0.25551601423487547,0.04961870869344179,0.016675139806812404,0.06526064464783127,1.3152427051463536,0.003996765129982793,1.0167340081112732,0.32194655598563626
41,frozenset({'chocolate'}),frozenset({'whole milk'}),0.04961870869344179,0.25551601423487547,0.016675139806812404,0.3360655737704918,1.3152427051463536,0.003996765129982793,1.121321558806731,0.25219778355909156
42,frozenset({'citrus fruit'}),frozenset({'other vegetables'}),0.08276563294356888,0.1934926283680732,0.02887646161667514,0.34889434889434895,1.8031402634660652,0.01286192175987681,1.2386735858648839,0.48560323252005105
43,frozenset({'other vegetables'}),frozenset({'citrus fruit'}),0.1934926283680732,0.08276563294356888,0.02887646161667514,0.14923804519180242,1.803140263466065,0.01286192175987681,1.078132798337485,0.5522726627034015
44,frozenset({'citrus fruit'}),frozenset({'rolls/buns'}),0.08276563294356888,0.18393492628368074,0.01677681748856126,0.20270270270270271,1.102034870691587,0.0015533268942637402,1.0235392450001293,0.10094224587074604
45,frozenset({'rolls/buns'}),frozenset({'citrus fruit'}),0.18393492628368074,0.08276563294356888,0.01677681748856126,0.09121061359867329,1.102034870691587,0.0015533268942637402,1.0092925608303431,0.11345626713182158
46,frozenset({'citrus fruit'}),frozenset({'root vegetables'}),0.08276563294356888,0.10899847483477376,0.017691916624300967,0.21375921375921378,1.9611211448898018,0.008670588864717253,1.1332425648195221,0.5343101091068478
47,frozenset({'root vegetables'}),frozenset({'citrus fruit'}),0.10899847483477376,0.08276563294356888,0.017691916624300967,0.16231343283582092,1.961121144889802,0.008670588864717253,1.094961293412577,0.5500412523397096
48,frozenset({'citrus fruit'}),frozenset({'tropical fruit'}),0.08276563294356888,0.10493136756481952,0.0199288256227758,0.2407862407862408,2.2947022074929055,0.011244114570639238,1.1789415320424546,0.6151247995041049
49,frozenset({'tropical fruit'}),frozenset({'citrus fruit'}),0.10493136756481952,0.08276563294356888,0.0199288256227758,0.18992248062015504,2.2947022074929055,0.011244114570639238,1.1322797449787523,0.6303579252898479
50,frozenset({'whole milk'}),frozenset({'citrus fruit'}),0.25551601423487547,0.08276563294356888,0.030503304524656837,0.11937922801432549,1.4423767905662055,0.009355359879289413,1.0415770286546822,0.4119630337794773
51,frozenset({'citrus fruit'}),frozenset({'whole milk'}),0.08276563294356888,0.25551601423487547,0.030503304524656837,0.36855036855036855,1.4423767905662055,0.009355359879289413,1.179007712865392,0.3343746073975538
52,frozenset({'citrus fruit'}),frozenset({'yogurt'}),0.08276563294356888,0.13950177935943062,0.021657346212506354,0.2616707616707617,1.8757521436092865,0.010111393147068985,1.1654668079890573,0.5090089738445452
53,frozenset({'yogurt'}),frozenset({'citrus fruit'}),0.13950177935943062,0.08276563294356888,0.021657346212506354,0.15524781341107868,1.875752143609286,0.010111393147068985,1.0858028918045068,0.5425700050870428
54,frozenset({'whole milk'}),frozenset({'coffee'}),0.25551601423487547,0.05805795627859685,0.018708693441789527,0.0732192598487863,1.2611408417037009,0.0038739558588597976,1.0163591051403547,0.2781351317649014
55,frozenset({'coffee'}),frozenset({'whole milk'}),0.05805795627859685,0.25551601423487547,0.018708693441789527,0.3222416812609457,1.261140841703701,0.0038739558588597976,1.098450531968698,0.21983003397912437
56,frozenset({'whole milk'}),frozenset({'cream cheese'}),0.25551601423487547,0.03965429588205389,0.016471784443314694,0.06446478312773578,1.6256695950289266,0.006339476812241849,1.0265200997228408,0.516960555201473
57,frozenset({'cream cheese'}),frozenset({'whole milk'}),0.03965429588205389,0.25551601423487547,0.016471784443314694,0.41538461538461546,1.6256695950289266,0.006339476812241849,1.2734594493350817,0.40076073956433933
58,frozenset({'curd'}),frozenset({'other vegetables'}),0.05327910523640061,0.1934926283680732,0.017183528215556684,0.32251908396946566,1.6668287918232763,0.006874414106266357,1.1904503175637453,0.4225726521852692
59,frozenset({'other vegetables'}),frozenset({'curd'}),0.1934926283680732,0.05327910523640061,0.017183528215556684,0.08880714661061481,1.6668287918232763,0.006874414106266357,1.0389906936188753,0.49603806914990434
60,frozenset({'curd'}),frozenset({'whole milk'}),0.05327910523640061,0.25551601423487547,0.026131164209456024,0.4904580152671756,1.9194805332879712,0.012517499597450459,1.4610846761832408,0.5059840939568988
61,frozenset({'whole milk'}),frozenset({'curd'}),0.25551601423487547,0.05327910523640061,0.026131164209456024,0.10226820533227217,1.919480533287971,0.012517499597450459,1.0545698619418995,0.6434332011516914
62,frozenset({'curd'}),frozenset({'yogurt'}),0.05327910523640061,0.13950177935943062,0.01728520589730554,0.3244274809160305,2.325615360648076,0.009852675914149298,1.2737318294227638,0.6020848206106628
63,frozenset({'yogurt'}),frozenset({'curd'}),0.13950177935943062,0.05327910523640061,0.01728520589730554,0.12390670553935858,2.325615360648076,0.009852675914149298,1.0806165287983847,0.6624142460954604
64,frozenset({'domestic eggs'}),frozenset({'other vegetables'}),0.06344687341128623,0.1934926283680732,0.02226741230299949,0.35096153846153844,1.8138238206879824,0.0099909100049133,1.2426187651810428,0.4790743051414107
65,frozenset({'other vegetables'}),frozenset({'domestic eggs'}),0.1934926283680732,0.06344687341128623,0.02226741230299949,0.11508145034156594,1.8138238206879822,0.0099909100049133,1.0583495248802388,0.5563229229270719
66,frozenset({'rolls/buns'}),frozenset({'domestic eggs'}),0.18393492628368074,0.06344687341128623,0.015658362989323844,0.08512990602542841,1.3417510028206545,0.003988267005488887,1.0237006682773313,0.3121138766541207
67,frozenset({'domestic eggs'}),frozenset({'rolls/buns'}),0.06344687341128623,0.18393492628368074,0.015658362989323844,0.24679487179487178,1.3417510028206543,0.003988267005488887,1.083456608508475,0.27196026208077007
68,frozenset({'whole milk'}),frozenset({'domestic eggs'}),0.25551601423487547,0.06344687341128623,0.029994916115912557,0.11738957421408674,1.8502026640954214,0.013783223906196004,1.061117225932118,0.6172310982921216
69,frozenset({'domestic eggs'}),frozenset({'whole milk'}),0.06344687341128623,0.25551601423487547,0.029994916115912557,0.47275641025641024,1.8502026640954214,0.013783223906196004,1.4120304167703273,0.4906488005314205
70,frozenset({'frankfurter'}),frozenset({'other vegetables'}),0.058973055414336555,0.1934926283680732,0.016471784443314694,0.2793103448275862,1.44351930708319,0.005060932948298683,1.1190772142261185,0.32650352495481255
71,frozenset({'other vegetables'}),frozenset({'frankfurter'}),0.1934926283680732,0.058973055414336555,0.016471784443314694,0.08512874408828167,1.44351930708319,0.005060932948298683,1.0285894747538873,0.38096194193857674
72,frozenset({'frankfurter'}),frozenset({'rolls/buns'}),0.058973055414336555,0.18393492628368074,0.019217081850533807,0.3258620689655172,1.7716160576428202,0.008369877250174393,1.2105313113950515,0.46283862005093757
73,frozenset({'rolls/buns'}),frozenset({'frankfurter'}),0.18393492628368074,0.058973055414336555,0.019217081850533807,0.10447761194029849,1.77161605764282,0.008369877250174393,1.0508134214539908,0.5337118650101454
74,frozenset({'whole milk'}),frozenset({'frankfurter'}),0.25551601423487547,0.058973055414336555,0.020538891713268937,0.08038201352964583,1.3630294880414944,0.0054703316465452186,1.023280273363813,0.35775135830982707
75,frozenset({'frankfurter'}),frozenset({'whole milk'}),0.058973055414336555,0.25551601423487547,0.020538891713268937,0.3482758620689655,1.3630294880414944,0.0054703316465452186,1.1423299252480745,0.283031382554787
76,frozenset({'frozen vegetables'}),frozenset({'other vegetables'}),0.04809354346720895,0.1934926283680732,0.017793594306049824,0.3699788583509514,1.912108287904155,0.008487848173045388,1.2801274724224878,0.5011175878170111
77,frozenset({'other vegetables'}),frozenset({'frozen vegetables'}),0.1934926283680732,0.04809354346720895,0.017793594306049824,0.09196006305832896,1.912108287904155,0.008487848173045388,1.048309020128415,0.5914602694330381
78,frozenset({'frozen vegetables'}),frozenset({'whole milk'}),0.04809354346720895,0.25551601423487547,0.02043721403152008,0.4249471458773784,1.6630939831691272,0.008148543494347116,1.2946357546577347,0.418855306887906
79,frozenset({'whole milk'}),frozenset({'frozen vegetables'}),0.25551601423487547,0.04809354346720895,0.02043721403152008,0.07998408276959808,1.6630939831691272,0.008148543494347116,1.0346630299597335,0.5355535896045583
80,frozenset({'other vegetables'}),frozenset({'fruit/vegetable juice'}),0.1934926283680732,0.0722928317234367,0.021047280122013217,0.10877561744613767,1.5046528798632406,0.007059150099674626,1.0409355785556014,0.4158609046460129
81,frozenset({'fruit/vegetable juice'}),frozenset({'other vegetables'}),0.0722928317234367,0.1934926283680732,0.021047280122013217,0.2911392405063291,1.5046528798632406,0.007059150099674626,1.1377514706950396,0.3615309837409222
82,frozenset({'fruit/vegetable juice'}),frozenset({'soda'}),0.0722928317234367,0.17437722419928825,0.01840366039654296,0.2545710267229255,1.459886908349838,0.0057974370711038215,1.1075807426307662,0.3395634366045717
83,frozenset({'soda'}),frozenset({'fruit/vegetable juice'}),0.17437722419928825,0.0722928317234367,0.01840366039654296,0.1055393586005831,1.459886908349838,0.0057974370711038215,1.0371693569715164,0.3815488664507527
84,frozenset({'whole milk'}),frozenset({'fruit/vegetable juice'}),0.25551601423487547,0.0722928317234367,0.026639552618200304,0.10425785913251093,1.4421604002366315,0.008167576398475197,1.0356855237134623,0.41182330360661484
85,frozenset({'fruit/vegetable juice'}),frozenset({'whole milk'}),0.0722928317234367,0.25551601423487547,0.026639552618200304,0.36849507735583686,1.4421604002366317,0.008167576398475197,1.1789044852539055,0.3304877497816346
86,frozenset({'yogurt'}),frozenset({'fruit/vegetable juice'}),0.13950177935943062,0.0722928317234367,0.018708693441789527,0.13411078717201164,1.855104911162777,0.008623714781438214,1.0713924535988593,0.5356744704570792
87,frozenset({'fruit/vegetable juice'}),frozenset({'yogurt'}),0.0722928317234367,0.13950177935943062,0.018708693441789527,0.2587904360056259,1.8551049111627773,0.008623714781438214,1.1609378270881305,0.49686683948687643
88,frozenset({'other vegetables'}),frozenset({'margarine'}),0.1934926283680732,0.05856634468734113,0.019725470259278087,0.10194429847609038,1.7406634991533836,0.00839331429181391,1.0483020749327032,0.5275914863972633
89,frozenset({'margarine'}),frozenset({'other vegetables'}),0.05856634468734113,0.1934926283680732,0.019725470259278087,0.3368055555555555,1.7406634991533834,0.00839331429181391,1.2160948849737954,0.45197706772903035
90,frozenset({'whole milk'}),frozenset({'margarine'}),0.25551601423487547,0.05856634468734113,0.024199288256227757,0.09470752089136489,1.6170980346641903,0.009234649293412478,1.0399220992530602,0.5125809405980364
91,frozenset({'margarine'}),frozenset({'whole milk'}),0.05856634468734113,0.25551601423487547,0.024199288256227757,0.4131944444444444,1.6170980346641903,0.009234649293412478,1.2687064372802122,0.40534805562791043
92,frozenset({'whole milk'}),frozenset({'napkins'}),0.25551601423487547,0.05236400610066091,0.019725470259278087,0.07719856744926382,1.4742677880844846,0.006345628131066509,1.0269121400038979,0.43210758707693503
93,frozenset({'napkins'}),frozenset({'whole milk'}),0.05236400610066091,0.25551601423487547,0.019725470259278087,0.37669902912621356,1.4742677880844848,0.006345628131066509,1.1944213478786265,0.33947336401044187
94,frozenset({'newspapers'}),frozenset({'other vegetables'}),0.07981698017285206,0.1934926283680732,0.019318759532282664,0.24203821656050956,1.2508911507475624,0.0038747622502351316,1.0640475407244747,0.21796743239313748
95,frozenset({'other vegetables'}),frozenset({'newspapers'}),0.1934926283680732,0.07981698017285206,0.019318759532282664,0.09984235417761429,1.2508911507475624,0.0038747622502351316,1.0222465188155647,0.24868951880457568
96,frozenset({'newspapers'}),frozenset({'rolls/buns'}),0.07981698017285206,0.18393492628368074,0.019725470259278087,0.2471337579617834,1.3435934270614371,0.0050443398949985355,1.0839443026519637,0.2779090960870307
97,frozenset({'rolls/buns'}),frozenset({'newspapers'}),0.18393492628368074,0.07981698017285206,0.019725470259278087,0.10724156992813708,1.3435934270614371,0.0050443398949985355,1.0307189367599445,0.31336622471811953
98,frozenset({'whole milk'}),frozenset({'newspapers'}),0.25551601423487547,0.07981698017285206,0.027351296390442297,0.10704337445284519,1.3411103028582578,0.0069567797484110586,1.0304901643607944,0.3416449281028097
99,frozenset({'newspapers'}),frozenset({'whole milk'}),0.07981698017285206,0.25551601423487547,0.027351296390442297,0.34267515923566877,1.3411103028582578,0.0069567797484110586,1.1325967612899666,0.2764115097866047
100,frozenset({'newspapers'}),frozenset({'yogurt'}),0.07981698017285206,0.13950177935943062,0.015353329944077275,0.19235668789808916,1.3788834004939554,0.004218719186868019,1.0654433804461307,0.29860963740807134
101,frozenset({'yogurt'}),frozenset({'newspapers'}),0.13950177935943062,0.07981698017285206,0.015353329944077275,0.11005830903790087,1.3788834004939554,0.004218719186868019,1.033981247504379,0.31932142485443055
102,frozenset({'other vegetables'}),frozenset({'pastry'}),0.1934926283680732,0.08896797153024912,0.02257244534824606,0.11665790856542302,1.3112348922753547,0.005357798696282251,1.031346787732264,0.2943062199870066
103,frozenset({'pastry'}),frozenset({'other vegetables'}),0.08896797153024912,0.1934926283680732,0.02257244534824606,0.2537142857142857,1.3112348922753547,0.005357798696282251,1.0806951763827504,0.26053983671171166
104,frozenset({'pip fruit'}),frozenset({'other vegetables'}),0.07564819522114896,0.1934926283680732,0.026131164209456024,0.3454301075268817,1.7852365252374574,0.011493796084814796,1.2321180379756747,0.47584710923318785
105,frozenset({'other vegetables'}),frozenset({'pip fruit'}),0.1934926283680732,0.07564819522114896,0.026131164209456024,0.1350499211770888,1.7852365252374574,0.011493796084814796,1.0686764790365453,0.5453764586534179
106,frozenset({'other vegetables'}),frozenset({'pork'}),0.1934926283680732,0.05765124555160142,0.021657346212506354,0.11192853389385181,1.9414764212452074,0.010502255182033807,1.061118153677694,0.6012692392377462
107,frozenset({'pork'}),frozenset({'other vegetables'}),0.05765124555160142,0.1934926283680732,0.021657346212506354,0.37566137566137564,1.9414764212452071,0.010502255182033807,1.2917787562579164,0.5145951236117612
108,frozenset({'rolls/buns'}),frozenset({'other vegetables'}),0.18393492628368074,0.1934926283680732,0.042602948652770714,0.23161967938087338,1.1970465300635258,0.007012896317453533,1.0496200253828456,0.20171257256398784
109,frozenset({'other vegetables'}),frozenset({'rolls/buns'}),0.1934926283680732,0.18393492628368074,0.042602948652770714,0.22017866526537044,1.1970465300635258,0.007012896317453533,1.046476977952935,0.2041030140441965
110,frozenset({'other vegetables'}),frozenset({'root vegetables'}),0.1934926283680732,0.10899847483477376,0.047381799694966954,0.24487651077246453,2.2466049285887957,0.026291398311075295,1.1799414769585426,0.688008479803653
111,frozenset({'root vegetables'}),frozenset({'other vegetables'}),0.10899847483477376,0.1934926283680732,0.047381799694966954,0.43470149253731344,2.2466049285887952,0.026291398311075295,1.4266929082333752,0.6227642658681474
112,frozenset({'sausage'}),frozenset({'other vegetables'}),0.09395017793594305,0.1934926283680732,0.026944585663446874,0.2867965367965368,1.4822091116100575,0.008765918798973094,1.1308236895112296,0.3590656449628719
113,frozenset({'other vegetables'}),frozenset({'sausage'}),0.1934926283680732,0.09395017793594305,0.026944585663446874,0.13925380977404098,1.4822091116100575,0.008765918798973094,1.052632973985287,0.40338300078973166
114,frozenset({'shopping bags'}),frozenset({'other vegetables'}),0.09852567361464158,0.1934926283680732,0.023182511438739197,0.23529411764705885,1.21603659855955,0.004118519889307278,1.054663485980212,0.19707308820212055
115,frozenset({'other vegetables'}),frozenset({'shopping bags'}),0.1934926283680732,0.09852567361464158,0.023182511438739197,0.11981082501313715,1.21603659855955,0.004118519889307278,1.0241824734993057,0.22027861825516903
116,frozenset({'other vegetables'}),frozenset({'soda'}),0.1934926283680732,0.17437722419928825,0.032740213523131674,0.16920651602732528,0.9703475715036409,-0.0010004939147173902,0.9937761811187568,-0.036506758701547605
117,frozenset({'soda'}),frozenset({'other vegetables'}),0.17437722419928825,0.1934926283680732,0.032740213523131674,0.18775510204081633,0.9703475715036408,-0.0010004939147173902,0.9929362113056385,-0.03569169603325194
118,frozenset({'tropical fruit'}),frozenset({'other vegetables'}),0.10493136756481952,0.1934926283680732,0.035892221657346214,0.34205426356589147,1.7677896385551983,0.015588775548972898,1.2257961819206897,0.4852385823915939
119,frozenset({'other vegetables'}),frozenset({'tropical fruit'}),0.1934926283680732,0.10493136756481952,0.035892221657346214,0.18549658434051497,1.7677896385551983,0.015588775548972898,1.0989132951768699,0.5385218407454868
120,frozenset({'other vegetables'}),frozenset({'whipped/sour cream'}),0.1934926283680732,0.07168276563294357,0.02887646161667514,0.14923804519180242,2.081923651718265,0.0150063748856643,1.0911597881411417,0.6443524358455321
121,frozenset({'whipped/sour cream'}),frozenset({'other vegetables'}),0.07168276563294357,0.1934926283680732,0.02887646161667514,0.40283687943262414,2.081923651718265,0.0150063748856643,1.3505646009513264,0.5598032334202366
122,frozenset({'whole milk'}),frozenset({'other vegetables'}),0.25551601423487547,0.1934926283680732,0.07483477376715811,0.2928770393951452,1.5136340948246205,0.025394308582718045,1.140547566072612,0.4558034229778036
123,frozenset({'other vegetables'}),frozenset({'whole milk'}),0.1934926283680732,0.25551601423487547,0.07483477376715811,0.38675775091960063,1.5136340948246207,0.025394308582718045,1.2140128748166512,0.4207504618057839
124,frozenset({'other vegetables'}),frozenset({'yogurt'}),0.1934926283680732,0.13950177935943062,0.04341637010676157,0.22438255386232264,1.6084565723294044,0.016423804156482313,1.10943639151694,0.469042186453709
125,frozenset({'yogurt'}),frozenset({'other vegetables'}),0.13950177935943062,0.1934926283680732,0.04341637010676157,0.3112244897959184,1.6084565723294046,0.016423804156482313,1.1709292210359827,0.43961274051173577
126,frozenset({'rolls/buns'}),frozenset({'pastry'}),0.18393492628368074,0.08896797153024912,0.02094560244026436,0.11387506909894968,1.2799557766721943,0.004581285155239381,1.028107884904416,0.26802152712422467
127,frozenset({'pastry'}),frozenset({'rolls/buns'}),0.08896797153024912,0.18393492628368074,0.02094560244026436,0.2354285714285714,1.2799557766721943,0.004581285155239381,1.0673496853539304,0.2400826759708736
128,frozenset({'soda'}),frozenset({'pastry'}),0.17437722419928825,0.08896797153024912,0.021047280122013217,0.1206997084548105,1.3566647230320699,0.0055332922039270736,1.0360874859586358,0.318424121272697
129,frozenset({'pastry'}),frozenset({'soda'}),0.08896797153024912,0.17437722419928825,0.021047280122013217,0.23657142857142854,1.3566647230320699,0.0055332922039270736,1.0814669593197945,0.28857185990338163
130,frozenset({'whole milk'}),frozenset({'pastry'}),0.25551601423487547,0.08896797153024912,0.033248601931875954,0.1301233585356148,1.4625865499403103,0.010515860451904824,1.0473117509352625,0.42483086872372383
131,frozenset({'pastry'}),frozenset({'whole milk'}),0.08896797153024912,0.25551601423487547,0.033248601931875954,0.3737142857142857,1.4625865499403103,0.010515860451904824,1.188728991869496,0.3471664755351681
132,frozenset({'yogurt'}),frozenset({'pastry'}),0.13950177935943062,0.08896797153024912,0.017691916624300967,0.12682215743440234,1.4254810495626822,0.00528072628983205,1.043352206227461,0.3468716427559586
133,frozenset({'pastry'}),frozenset({'yogurt'}),0.08896797153024912,0.13950177935943062,0.017691916624300967,0.19885714285714287,1.4254810495626822,0.00528072628983205,1.074088363852351,0.327631106321839
134,frozenset({'pip fruit'}),frozenset({'root vegetables'}),0.07564819522114896,0.10899847483477376,0.015556685307574987,0.20564516129032256,1.8866792549350024,0.0073111474044665285,1.121666894624244,0.5084300137390783
135,frozenset({'root vegetables'}),frozenset({'pip fruit'}),0.10899847483477376,0.07564819522114896,0.015556685307574987,0.14272388059701493,1.8866792549350024,0.0073111474044665285,1.0782428016571581,0.5274606019516102
136,frozenset({'pip fruit'}),frozenset({'tropical fruit'}),0.07564819522114896,0.10493136756481952,0.02043721403152008,0.2701612903225806,2.5746475681420353,0.012499345453154474,1.2263923803531753,0.6616499506646725
137,frozenset({'tropical fruit'}),frozenset({'pip fruit'}),0.10493136756481952,0.07564819522114896,0.02043721403152008,0.1947674418604651,2.5746475681420353,0.012499345453154474,1.147931483191064,0.6832965695209061
138,frozenset({'whole milk'}),frozenset({'pip fruit'}),0.25551601423487547,0.07564819522114896,0.030096593797661414,0.1177875049741345,1.5570431605115762,0.010767268470691677,1.0477654873293878,0.4805436411554957
139,frozenset({'pip fruit'}),frozenset({'whole milk'}),0.07564819522114896,0.25551601423487547,0.030096593797661414,0.3978494623655914,1.5570431605115762,0.010767268470691677,1.2363751906456533,0.38703558910356833
140,frozenset({'pip fruit'}),frozenset({'yogurt'}),0.07564819522114896,0.13950177935943062,0.017996949669547534,0.2379032258064516,1.7053777156023697,0.007443891830867678,1.129119358300853,0.4474699320803401
141,frozenset({'yogurt'}),frozenset({'pip fruit'}),0.13950177935943062,0.07564819522114896,0.017996949669547534,0.12900874635568513,1.70537771560237,0.007443891830867678,1.0612641641477687,0.48067460150565666
142,frozenset({'whole milk'}),frozenset({'pork'}),0.25551601423487547,0.05765124555160142,0.022165734621250637,0.08674890569040987,1.5047186727780972,0.007434918142229347,1.03186162088402,0.450545547038083
143,frozenset({'pork'}),frozenset({'whole milk'}),0.05765124555160142,0.25551601423487547,0.022165734621250637,0.3844797178130512,1.504718672778097,0.007434918142229347,1.2095198278762913,0.35594459380803234
144,frozenset({'rolls/buns'}),frozenset({'root vegetables'}),0.18393492628368074,0.10899847483477376,0.024300965937976614,0.13211719181868434,1.2121012887469782,0.00425233950420887,1.026638063072544,0.2144270660103616
145,frozenset({'root vegetables'}),frozenset({'rolls/buns'}),0.10899847483477376,0.18393492628368074,0.024300965937976614,0.22294776119402987,1.2121012887469782,0.00425233950420887,1.0502061933059954,0.19639297407271053
146,frozenset({'rolls/buns'}),frozenset({'sausage'}),0.18393492628368074,0.09395017793594305,0.030604982206405694,0.1663902708678828,1.771047958858904,0.013324263153419318,1.086899289200185,0.5334899947264413
147,frozenset({'sausage'}),frozenset({'rolls/buns'}),0.09395017793594305,0.18393492628368074,0.030604982206405694,0.3257575757575758,1.7710479588589043,0.013324263153419318,1.210343704837687,0.4805061943299762
148,frozenset({'shopping bags'}),frozenset({'rolls/buns'}),0.09852567361464158,0.18393492628368074,0.019522114895780377,0.19814241486068113,1.077241929328247,0.0013998023824212877,1.0177182193450625,0.07954016749379648
149,frozenset({'rolls/buns'}),frozenset({'shopping bags'}),0.18393492628368074,0.09852567361464158,0.019522114895780377,0.10613598673300166,1.0772419293282471,0.0013998023824212877,1.0085139495554194,0.08786482992773481
150,frozenset({'rolls/buns'}),frozenset({'soda'}),0.18393492628368074,0.17437722419928825,0.03833248601931876,0.2084024322830293,1.1951241524802292,0.006258424140669808,1.0429829618879103,0.20006596598191162
151,frozenset({'soda'}),frozenset({'rolls/buns'}),0.17437722419928825,0.18393492628368074,0.03833248601931876,0.21982507288629738,1.1951241524802292,0.006258424140669808,1.0460026916468517,0.1977499314003476
152,frozenset({'rolls/buns'}),frozenset({'tropical fruit'}),0.18393492628368074,0.10493136756481952,0.024605998983223184,0.1337755666113875,1.274886334906004,0.005305455625342296,1.033298759460907,0.2642146494965741
153,frozenset({'tropical fruit'}),frozenset({'rolls/buns'}),0.10493136756481952,0.18393492628368074,0.024605998983223184,0.23449612403100775,1.274886334906004,0.005305455625342296,1.0660495646522044,0.2408936472633766
154,frozenset({'whole milk'}),frozenset({'rolls/buns'}),0.25551601423487547,0.18393492628368074,0.05663446873411286,0.22164743334659767,1.2050317893663836,0.009636149491521126,1.0484517025813447,0.2285426914877913
155,frozenset({'rolls/buns'}),frozenset({'whole milk'}),0.18393492628368074,0.25551601423487547,0.05663446873411286,0.30790491984521834,1.2050317893663836,0.009636149491521126,1.0756961104226122,0.2084960861043618
156,frozenset({'rolls/buns'}),frozenset({'yogurt'}),0.18393492628368074,0.13950177935943062,0.03436705643111337,0.18684355997788832,1.339363274331291,0.0087078069281942,1.0582197696388784,0.31048574381779903
157,frozenset({'yogurt'}),frozenset({'rolls/buns'}),0.13950177935943062,0.18393492628368074,0.03436705643111337,0.2463556851311953,1.339363274331291,0.0087078069281942,1.0828252235384817,0.2944533356825777
158,frozenset({'root vegetables'}),frozenset({'soda'}),0.10899847483477376,0.17437722419928825,0.01860701576004067,0.1707089552238806,0.9789636003655194,-0.0003998357236031508,0.9955766205380912,-0.02354923327228076
159,frozenset({'soda'}),frozenset({'root vegetables'}),0.17437722419928825,0.10899847483477376,0.01860701576004067,0.10670553935860058,0.9789636003655193,-0.0003998357236031508,0.9974331694897931,-0.025366727118293745
160,frozenset({'tropical fruit'}),frozenset({'root vegetables'}),0.10493136756481952,0.10899847483477376,0.021047280122013217,0.2005813953488372,1.8402220366192295,0.00960992109512084,1.1145619078430467,0.5101143055644733
161,frozenset({'root vegetables'}),frozenset({'tropical fruit'}),0.10899847483477376,0.10493136756481952,0.021047280122013217,0.19309701492537312,1.8402220366192292,0.00960992109512084,1.1092642473647554,0.5124427972023347
162,frozenset({'whipped/sour cream'}),frozenset({'root vegetables'}),0.07168276563294357,0.10899847483477376,0.01708185053380783,0.23829787234042554,2.186249603048587,0.009268538407878446,1.1697506056638445,0.5844938194335786
163,frozenset({'root vegetables'}),frozenset({'whipped/sour cream'}),0.10899847483477376,0.07168276563294357,0.01708185053380783,0.15671641791044777,2.186249603048587,0.009268538407878446,1.1008363664175713,0.6089727914445477
164,frozenset({'whole milk'}),frozenset({'root vegetables'}),0.25551601423487547,0.10899847483477376,0.048906964921199794,0.19140469558296855,1.75603095247994,0.021056109073738026,1.1019128113879004,0.5782984779160687
165,frozenset({'root vegetables'}),frozenset({'whole milk'}),0.10899847483477376,0.25551601423487547,0.048906964921199794,0.44869402985074625,1.7560309524799398,0.021056109073738026,1.3504007322169433,0.48320226581096143
166,frozenset({'yogurt'}),frozenset({'root vegetables'}),0.13950177935943062,0.10899847483477376,0.025826131164209457,0.18513119533527697,1.6984750989948219,0.010620649977294398,1.0934294208646604,0.4779052122206809
167,frozenset({'root vegetables'}),frozenset({'yogurt'}),0.10899847483477376,0.13950177935943062,0.025826131164209457,0.2369402985074627,1.6984750989948219,0.010620649977294398,1.1276944896414307,0.4615441984507157
168,frozenset({'shopping bags'}),frozenset({'sausage'}),0.09852567361464158,0.09395017793594305,0.015658362989323844,0.15892672858617132,1.6916064671482631,0.006401858421969617,1.0772543283191056,0.4535303406271149
169,frozenset({'sausage'}),frozenset({'shopping bags'}),0.09395017793594305,0.09852567361464158,0.015658362989323844,0.16666666666666669,1.6916064671482631,0.006401858421969617,1.0817691916624301,0.4512400403995063
170,frozenset({'sausage'}),frozenset({'soda'}),0.09395017793594305,0.17437722419928825,0.024300965937976614,0.25865800865800864,1.483324498630621,0.007918194696477646,1.1136867807881132,0.35962556738439494
171,frozenset({'soda'}),frozenset({'sausage'}),0.17437722419928825,0.09395017793594305,0.024300965937976614,0.13935860058309038,1.483324498630621,0.007918194696477646,1.0527611414904183,0.3946580580002886
172,frozenset({'whole milk'}),frozenset({'sausage'}),0.25551601423487547,0.09395017793594305,0.0298932384341637,0.11699164345403898,1.2452519625221574,0.005887463431314192,1.026094277984216,0.2645452062278066
173,frozenset({'sausage'}),frozenset({'whole milk'}),0.09395017793594305,0.25551601423487547,0.0298932384341637,0.3181818181818182,1.2452519625221574,0.005887463431314192,1.0919098457888492,0.21737178767815055
174,frozenset({'sausage'}),frozenset({'yogurt'}),0.09395017793594305,0.13950177935943062,0.019623792577529234,0.2088744588744589,1.4972888506051771,0.0065175755843300594,1.0876885853240577,0.36656504768223247
175,frozenset({'yogurt'}),frozenset({'sausage'}),0.13950177935943062,0.09395017793594305,0.019623792577529234,0.14067055393586006,1.4972888506051771,0.0065175755843300594,1.0543684104087243,0.38596964904837217
176,frozenset({'shopping bags'}),frozenset({'soda'}),0.09852567361464158,0.17437722419928825,0.024605998983223184,0.2497420020639835,1.4321939302036606,0.007425365505936931,1.1004518153382252,0.33475222458160353
177,frozenset({'soda'}),frozenset({'shopping bags'}),0.17437722419928825,0.09852567361464158,0.024605998983223184,0.14110787172011663,1.4321939302036606,0.007425365505936931,1.0495780514262658,0.36550655457395287
178,frozenset({'whole milk'}),frozenset({'shopping bags'}),0.25551601423487547,0.09852567361464158,0.024504321301474327,0.09590131317150816,0.9733636894136045,-0.0006705661203451237,0.997097263295073,-0.03545410021733133
179,frozenset({'shopping bags'}),frozenset({'whole milk'}),0.09852567361464158,0.25551601423487547,0.024504321301474327,0.24871001031991746,0.9733636894136045,-0.0006705661203451237,0.9909409096241837,-0.02946172909489957
180,frozenset({'shopping bags'}),frozenset({'yogurt'}),0.09852567361464158,0.13950177935943062,0.015251652262328419,0.15479876160990713,1.109654388071018,0.0015071454804994142,1.0180986273512964,0.10961876832844572
181,frozenset({'yogurt'}),frozenset({'shopping bags'}),0.13950177935943062,0.09852567361464158,0.015251652262328419,0.10932944606413993,1.1096543880710177,0.0015071454804994142,1.0121299310971454,0.11483870967741933
182,frozenset({'tropical fruit'}),frozenset({'soda'}),0.10493136756481952,0.17437722419928825,0.020843924758515507,0.1986434108527132,1.1391591520329063,0.002546284151127051,1.0302813840705376,0.1364806343735369
183,frozenset({'soda'}),frozenset({'tropical fruit'}),0.17437722419928825,0.10493136756481952,0.020843924758515507,0.11953352769679301,1.1391591520329063,0.002546284151127051,1.0165845726002216,0.14796047098402035
184,frozenset({'whole milk'}),frozenset({'soda'}),0.25551601423487547,0.17437722419928825,0.040061006609049314,0.15678471945881414,0.8991123707740158,-0.004495166691694093,0.9791364018816369,-0.13097826201556603
185,frozenset({'soda'}),frozenset({'whole milk'}),0.17437722419928825,0.25551601423487547,0.040061006609049314,0.22973760932944606,0.8991123707740158,-0.004495166691694093,0.9665329565383713,-0.11964634839306183
186,frozenset({'yogurt'}),frozenset({'soda'}),0.13950177935943062,0.17437722419928825,0.027351296390442297,0.19606413994169095,1.1243678229309215,0.0030253633348832215,1.0269759278318917,0.12854335974614176
187,frozenset({'soda'}),frozenset({'yogurt'}),0.17437722419928825,0.13950177935943062,0.027351296390442297,0.15685131195335278,1.1243678229309215,0.0030253633348832215,1.0205770735813116,0.13397320856300463
188,frozenset({'whole milk'}),frozenset({'tropical fruit'}),0.25551601423487547,0.10493136756481952,0.04229791560752415,0.16553919617986468,1.5775949558420244,0.015486270799146773,1.0726311269955213,0.49178187968818937
189,frozenset({'tropical fruit'}),frozenset({'whole milk'}),0.10493136756481952,0.25551601423487547,0.04229791560752415,0.40310077519379844,1.5775949558420244,0.015486270799146773,1.2472523917363776,0.4090454303165878
190,frozenset({'tropical fruit'}),frozenset({'yogurt'}),0.10493136756481952,0.13950177935943062,0.029283172343670564,0.27906976744186046,2.0004746084480303,0.014645059857759797,1.1935943060498222,0.5587489113559772
191,frozenset({'yogurt'}),frozenset({'tropical fruit'}),0.13950177935943062,0.10493136756481952,0.029283172343670564,0.20991253644314867,2.0004746084480303,0.014645059857759797,1.1328728447426821,0.5811965811965812
192,frozenset({'whole milk'}),frozenset({'whipped/sour cream'}),0.25551601423487547,0.07168276563294357,0.032231825114387394,0.12614405093513728,1.7597542424781207,0.013915730550524943,1.0623229553572007,0.5799168833048839
193,frozenset({'whipped/sour cream'}),frozenset({'whole milk'}),0.07168276563294357,0.25551601423487547,0.032231825114387394,0.449645390070922,1.759754242478121,0.013915730550524943,1.3527350772278683,0.46507682580047743
194,frozenset({'yogurt'}),frozenset({'whipped/sour cream'}),0.13950177935943062,0.07168276563294357,0.02074224707676665,0.14868804664723032,2.0742509769865394,0.010742373721565982,1.090454833520207,0.6018586094487423
195,frozenset({'whipped/sour cream'}),frozenset({'yogurt'}),0.07168276563294357,0.13950177935943062,0.02074224707676665,0.2893617021276596,2.0742509769865394,0.010742373721565982,1.210880729643915,0.5578893112557181
196,frozenset({'whole milk'}),frozenset({'white bread'}),0.25551601423487547,0.042094560244026434,0.01708185053380783,0.06685236768802229,1.5881474304630416,0.006326016279284349,1.0265315011116254,0.4974392242556679
197,frozenset({'white bread'}),frozenset({'whole milk'}),0.042094560244026434,0.25551601423487547,0.01708185053380783,0.4057971014492754,1.5881474304630414,0.006326016279284349,1.252912073604722,0.38660970173017734
198,frozenset({'whole milk'}),frozenset({'yogurt'}),0.25551601423487547,0.13950177935943062,0.05602440264361973,0.21925984878631116,1.5717351405345263,0.020379464003024997,1.1021569971813203,0.48860753783317645
199,frozenset({'yogurt'}),frozenset({'whole milk'}),0.13950177935943062,0.25551601423487547,0.05602440264361973,0.40160349854227406,1.5717351405345266,0.020379464003024997,1.244131581570951,0.4227324107307714
200,"frozenset({'whole milk', 'rolls/buns'})",frozenset({'other vegetables'}),0.05663446873411286,0.1934926283680732,0.017895271987798677,0.31597845601436264,1.6330258091966665,0.006936919776205716,1.1790672073464126,0.41091156499245524
201,"frozenset({'whole milk', 'other vegetables'})",frozenset({'rolls/buns'}),0.07483477376715811,0.18393492628368074,0.017895271987798677,0.23913043478260868,1.3000817170187706,0.0041305433914805255,1.0725426683128767,0.24948795571940965
202,"frozenset({'rolls/buns', 'other vegetables'})",frozenset({'whole milk'}),0.042602948652770714,0.25551601423487547,0.017895271987798677,0.4200477326968974,1.6439193995519241,0.007009536353389646,1.2836987244262847,0.4091277178110758
203,frozenset({'whole milk'}),"frozenset({'rolls/buns', 'other vegetables'})",0.25551601423487547,0.042602948652770714,0.017895271987798677,0.07003581376840429,1.6439193995519241,0.007009536353389646,1.0294988404088947,0.5261331044672344
204,frozenset({'rolls/buns'}),"frozenset({'whole milk', 'other vegetables'})",0.18393492628368074,0.07483477376715811,0.017895271987798677,0.09729132117191817,1.3000817170187706,0.0041305433914805255,1.0248768489009252,0.28284212672450887
205,frozenset({'other vegetables'}),"frozenset({'whole milk', 'rolls/buns'})",0.1934926283680732,0.05663446873411286,0.017895271987798677,0.09248554913294797,1.6330258091966667,0.006936919776205716,1.0395046936878884,0.48064012859304084
206,"frozenset({'whole milk', 'other vegetables'})",frozenset({'root vegetables'}),0.07483477376715811,0.10899847483477376,0.023182511438739197,0.30978260869565216,2.84208204899416,0.015025635233513626,1.2908998474834772,0.7005724554269507
207,"frozenset({'whole milk', 'root vegetables'})",frozenset({'other vegetables'}),0.048906964921199794,0.1934926283680732,0.023182511438739197,0.47401247401247404,2.4497701954349353,0.013719374250631092,1.5333203389523984,0.6222298181845463
208,"frozenset({'other vegetables', 'root vegetables'})",frozenset({'whole milk'}),0.047381799694966954,0.25551601423487547,0.023182511438739197,0.4892703862660944,1.9148325702057454,0.011075702833406004,1.4576871317922186,0.5015242503740406
209,frozenset({'whole milk'}),"frozenset({'other vegetables', 'root vegetables'})",0.25551601423487547,0.047381799694966954,0.023182511438739197,0.09072821329088739,1.9148325702057456,0.011075702833406004,1.0476715699634784,0.6417345946127269
210,frozenset({'other vegetables'}),"frozenset({'whole milk', 'root vegetables'})",0.1934926283680732,0.048906964921199794,0.023182511438739197,0.11981082501313715,2.4497701954349353,0.013719374250631092,1.0805552511969891,0.7337793392962992
211,frozenset({'root vegetables'}),"frozenset({'whole milk', 'other vegetables'})",0.10899847483477376,0.07483477376715811,0.023182511438739197,0.2126865671641791,2.84208204899416,0.015025635233513626,1.1750913773952685,0.7274345283498601
212,"frozenset({'whole milk', 'tropical fruit'})",frozenset({'other vegetables'}),0.04229791560752415,0.1934926283680732,0.01708185053380783,0.4038461538461539,2.087139738873843,0.008897515668417037,1.3528510749954903,0.5438804038443067
213,"frozenset({'whole milk', 'other vegetables'})",frozenset({'tropical fruit'}),0.07483477376715811,0.10493136756481952,0.01708185053380783,0.2282608695652174,2.1753349342770476,0.009229335381016049,1.1598072420286845,0.5840045216899816
214,"frozenset({'tropical fruit', 'other vegetables'})",frozenset({'whole milk'}),0.035892221657346214,0.25551601423487547,0.01708185053380783,0.47592067988668557,1.862586504849006,0.00791081311388805,1.4205559295950754,0.48035312521971446
215,frozenset({'whole milk'}),"frozenset({'tropical fruit', 'other vegetables'})",0.25551601423487547,0.035892221657346214,0.01708185053380783,0.06685236768802229,1.8625865048490062,0.00791081311388805,1.0331781863433216,0.6220579532004006
216,frozenset({'tropical fruit'}),"frozenset({'whole milk', 'other vegetables'})",0.10493136756481952,0.07483477376715811,0.01708185053380783,0.16279069767441862,2.1753349342770476,0.009229335381016049,1.1050584646670056,0.6036416156829653
217,frozenset({'other vegetables'}),"frozenset({'whole milk', 'tropical fruit'})",0.1934926283680732,0.04229791560752415,0.01708185053380783,0.0882816605359958,2.087139738873843,0.008897515668417037,1.0504363496247155,0.6458408375957545
218,"frozenset({'whole milk', 'other vegetables'})",frozenset({'yogurt'}),0.07483477376715811,0.13950177935943062,0.02226741230299949,0.2975543478260869,2.132978870896184,0.011827828204520493,1.225003269615975,0.5741375563876003
219,"frozenset({'whole milk', 'yogurt'})",frozenset({'other vegetables'}),0.05602440264361973,0.1934926283680732,0.02226741230299949,0.39745916515426494,2.0541307878571704,0.01142710338273428,1.3385107282204567,0.5436327830666595
220,"frozenset({'yogurt', 'other vegetables'})",frozenset({'whole milk'}),0.04341637010676157,0.25551601423487547,0.02226741230299949,0.5128805620608898,2.0072345116867694,0.01117383446077358,1.528339720777443,0.5245773537725591
221,frozenset({'whole milk'}),"frozenset({'yogurt', 'other vegetables'})",0.25551601423487547,0.04341637010676157,0.02226741230299949,0.08714683645045761,2.0072345116867694,0.01117383446077358,1.0479052580303871,0.6740267337192346
222,frozenset({'other vegetables'}),"frozenset({'whole milk', 'yogurt'})",0.1934926283680732,0.05602440264361973,0.02226741230299949,0.11508145034156594,2.0541307878571704,0.01142710338273428,1.06673726945914,0.6362943466957725
223,frozenset({'yogurt'}),"frozenset({'whole milk', 'other vegetables'})",0.13950177935943062,0.07483477376715811,0.02226741230299949,0.1596209912536443,2.132978870896184,0.011827828204520493,1.1008904513369115,0.6172843702671365
224,"frozenset({'whole milk', 'rolls/buns'})",frozenset({'yogurt'}),0.05663446873411286,0.13950177935943062,0.015556685307574987,0.2746858168761221,1.9690488403619975,0.007656076146090204,1.1863799725168247,0.5216859899093645
225,"frozenset({'whole milk', 'yogurt'})",frozenset({'rolls/buns'}),0.05602440264361973,0.18393492628368074,0.015556685307574987,0.2776769509981851,1.5096477684174407,0.005251840937233543,1.1297785317027436,0.35762982487264605
226,"frozenset({'rolls/buns', 'yogurt'})",frozenset({'whole milk'}),0.03436705643111337,0.25551601423487547,0.015556685307574987,0.45266272189349116,1.7715630202238302,0.006775352027311856,1.360192363181687,0.4510271905610372
227,frozenset({'whole milk'}),"frozenset({'rolls/buns', 'yogurt'})",0.25551601423487547,0.03436705643111337,0.015556685307574987,0.060883406287306,1.7715630202238302,0.006775352027311856,1.0282354183002593,0.5850048113573026
228,frozenset({'rolls/buns'}),"frozenset({'whole milk', 'yogurt'})",0.18393492628368074,0.05602440264361973,0.015556685307574987,0.08457711442786069,1.5096477684174407,0.005251840937233543,1.0311907340686544,0.41368493572360404
229,frozenset({'yogurt'}),"frozenset({'whole milk', 'rolls/buns'})",0.13950177935943062,0.05663446873411286,0.015556685307574987,0.11151603498542273,1.9690488403619975,0.007656076146090204,1.0617699006536483,0.5719251582629192
